utc_ts,clordid,orderid,exectype,ordstatus,latency_ms,price,qty,symbol
2025-10-14T21:36:37.912026+00:00,CL-0e2b5016-26de-40c0-9814-21c263e8ee54,5R09T4JG16YW,0,0,6.353,0.51,1.0,CBBTC_123125_132500
2025-10-14T21:36:37.913410+00:00,CL-54e426cd-025b-4b15-a1bf-0d07fd3afdc3,5R09T4N016YW,8,8,7.409,0.51,1.0,CBBTC_123125_132500
2025-10-14T21:36:37.921662+00:00,CL-559fb1cb-cc31-449b-81c4-2a71c8bca8b8,5R09T4QG16YW,0,0,5.386,0.51,1.0,CBBTC_123125_132500
2025-10-14T21:36:37.926195+00:00,CL-561340c1-ab1a-46ca-a68a-5e17a6e90f35,5R09T4T016YW,8,8,9.722,0.51,1.0,CBBTC_123125_132500
2025-10-14T21:36:37.930648+00:00,CL-087604b7-9bf2-4c9f-b62f-8b09a5a7f593,5R09T51016YW,0,0,3.896,0.51,1.0,CBBTC_123125_132500
2025-10-14T21:36:37.934430+00:00,CL-c84410cb-61b6-4f44-8432-d745ddc2fc74,5R09T57G16YW,8,8,7.477,0.51,1.0,CBBTC_123125_132500
2025-10-14T21:36:37.941013+00:00,CL-32db292a-0e08-44f4-9d9f-e17394287699,5R09T57G36YW,0,0,3.786,0.51,1.0,CBBTC_123125_132500
2025-10-14T21:36:37.944929+00:00,CL-ed38fe48-b896-444e-a943-7cce740520b5,5R09T57G96YW,8,8,7.502,0.51,1.0,CBBTC_123125_132500
2025-10-14T21:36:37.951927+00:00,CL-a8664a0e-7813-4145-af1b-8ec65fe0eb87,5R09T57GF6YW,0,0,4.215,0.51,1.0,CBBTC_123125_132500
2025-10-14T21:36:37.955839+00:00,CL-57d59af4-ebaa-4d78-8c98-eee1f898321a,5R09T5A016YW,8,8,7.926,0.51,1.0,CBBTC_123125_132500
2025-10-14T21:36:37.962618+00:00,CL-89b74676-76a9-469c-9e92-cc8569884093,5R09T5C016YW,0,0,4.427,0.51,1.0,CBBTC_123125_132500
2025-10-14T21:36:37.966371+00:00,CL-970bb206-fb26-4fdf-8c20-7915ff1db165,5R09T5EG16YW,8,8,7.976,0.51,1.0,CBBTC_123125_132500
2025-10-14T21:36:37.973051+00:00,CL-798f2b6a-8463-496b-b8c5-1d788f85fba2,5R09T5H016YW,0,0,4.377,0.51,1.0,CBBTC_123125_132500
2025-10-14T21:36:37.976905+00:00,CL-2b2e23ed-edaf-4671-b48b-9e74ba4a4e12,5R09T5KG16YW,8,8,8.010,0.51,1.0,CBBTC_123125_132500
2025-10-14T21:36:37.983808+00:00,CL-4c38c35d-d374-4830-aa1f-7ee9f809e0fe,5R09T5PG36YW,0,0,4.637,0.51,1.0,CBBTC_123125_132500
2025-10-14T21:36:37.988000+00:00,CL-55ae41ea-b314-4dcf-8ecb-9e50ed16f592,5R09T5S036YW,8,8,8.623,0.51,1.0,CBBTC_123125_132500
2025-10-14T21:36:37.993569+00:00,CL-fd1e1dca-52bf-4229-ba4d-797ce9860c69,5R09T5VG16YW,0,0,3.923,0.51,1.0,CBBTC_123125_132500
2025-10-14T21:36:37.997274+00:00,CL-c850e99e-47d3-45de-9e35-200f17681cbf,5R09T5YG16YW,8,8,7.421,0.51,1.0,CBBTC_123125_132500
2025-10-14T21:36:38.004264+00:00,CL-2f38290a-61f6-4742-bfd6-30c0e3a701f7,5R09T61016YW,0,0,4.139,0.51,1.0,CBBTC_123125_132500
2025-10-14T21:36:38.007967+00:00,CL-74a19e06-1899-4921-bd66-9a25fb1cfcbb,5R09T63016YW,8,8,7.639,0.51,1.0,CBBTC_123125_132500
2025-10-14T21:36:38.014815+00:00,CL-fa6d3d05-cc94-430e-a044-7660b82f9cb2,5R09T65G16YW,0,0,4.216,0.51,1.0,CBBTC_123125_132500
2025-10-14T21:36:38.018946+00:00,CL-5b90d47f-d4b0-46c6-ae49-42ee40e651e0,5R09T68016YW,8,8,8.145,0.51,1.0,CBBTC_123125_132500
2025-10-14T21:36:38.025099+00:00,CL-e3e8ebc8-1296-446b-82f5-0cc319d9824d,5R09T6AG16YW,0,0,4.031,0.51,1.0,CBBTC_123125_132500
2025-10-14T21:36:38.028610+00:00,CL-f1c7944c-bb4a-4cf0-91c8-97a5bfec6e89,5R09T6DG16YW,8,8,7.337,0.51,1.0,CBBTC_123125_132500
2025-10-14T21:36:38.035386+00:00,CL-c76a5945-f5ee-435f-8bb8-f2f757a0dc47,5R09T6G016YW,0,0,3.833,0.51,1.0,CBBTC_123125_132500
2025-10-14T21:36:38.039388+00:00,CL-4bc611ff-bfdc-4d3d-b1ba-368f5c3b5c8d,5R09T6JG16YW,8,8,7.618,0.51,1.0,CBBTC_123125_132500
2025-10-14T21:36:38.045920+00:00,CL-5ff3c70b-81e3-4f88-914e-248eb77bdf56,5R09T6N036YW,0,0,3.867,0.51,1.0,CBBTC_123125_132500
2025-10-14T21:36:38.049812+00:00,CL-c017923f-a489-438f-95c0-c2d3e19cd6c5,5R09T6QG16YW,8,8,7.562,0.51,1.0,CBBTC_123125_132500
2025-10-14T21:36:38.056543+00:00,CL-14d27871-c815-4088-b6e5-8dfe3af4c9dd,5R09T6T016YW,0,0,4.022,0.51,1.0,CBBTC_123125_132500
2025-10-14T21:36:38.060490+00:00,CL-58727ba5-3f4d-4746-8cb5-4aeb3e961fcd,5R09T6WG16YW,8,8,7.772,0.51,1.0,CBBTC_123125_132500
2025-10-14T21:36:38.075319+00:00,CL-1d0ef74c-dbb2-4b34-9b96-24deef796f48,5R09T6ZG16YW,0,0,12.335,0.51,1.0,CBBTC_123125_132500
2025-10-14T21:36:38.081641+00:00,CL-d782009d-3068-4c72-8a42-be1aa38d829c,5R09T72016YW,8,8,18.460,0.51,1.0,CBBTC_123125_132500
2025-10-14T21:36:38.083477+00:00,CL-7f93f09e-5711-4bf2-b8a9-70943c57a94d,5R09T75016YW,0,0,10.040,0.51,1.0,CBBTC_123125_132500
2025-10-14T21:36:38.084352+00:00,CL-ba6e88ca-1234-477b-94e8-4c1d9ade7594,5R09T78016YW,8,8,10.719,0.51,1.0,CBBTC_123125_132500
2025-10-14T21:36:38.088166+00:00,CL-aeb189e2-9629-44ee-9b3a-3b8bcbfa6e97,5R09T79G16YW,0,0,4.268,0.51,1.0,CBBTC_123125_132500
2025-10-14T21:36:38.091842+00:00,CL-f401e246-d226-4cc8-8dc4-2c49d72ae7c2,5R09T7C016YW,8,8,7.697,0.51,1.0,CBBTC_123125_132500
2025-10-14T21:36:38.105415+00:00,CL-2db9dbbd-6d79-454e-aecf-2bac39852674,5R09T7EG16YW,0,0,10.880,0.51,1.0,CBBTC_123125_132500
2025-10-14T21:36:38.109747+00:00,CL-9d7b13f9-008e-444b-a8b0-19d2650dbc41,5R09T7H016YW,8,8,15.015,0.51,1.0,CBBTC_123125_132500
2025-10-14T21:36:38.110574+00:00,CL-b3bf945d-1cec-4847-811f-5ea09e1e931b,5R09T7KG16YW,0,0,5.586,0.51,1.0,CBBTC_123125_132500
2025-10-14T21:36:38.111081+00:00,CL-5f6e2f5b-d46d-469b-a5d3-bdcf6f88fc8e,5R09T7P016YW,8,8,5.908,0.51,1.0,CBBTC_123125_132500
2025-10-14T21:36:38.124824+00:00,CL-cc141ea3-51c6-4a65-8a9f-33cc2e3aea54,5R09T7S016YW,0,0,9.378,0.51,1.0,CBBTC_123125_132500
2025-10-14T21:36:38.130831+00:00,CL-b6f928ab-cbb7-437c-98a5-29099369c5f2,5R09T7VG36YW,8,8,15.185,0.51,1.0,CBBTC_123125_132500
2025-10-14T21:36:38.134925+00:00,CL-6d591b79-e448-4044-b8fd-431408c9c1d0,5R09T7Y036YW,0,0,9.011,0.51,1.0,CBBTC_123125_132500
2025-10-14T21:36:38.135763+00:00,CL-1737259b-908e-4363-ba0b-ff394e971a79,5R09T80G16YW,8,8,9.665,0.51,1.0,CBBTC_123125_132500
2025-10-14T21:36:38.140689+00:00,CL-0a2c2d03-45c1-4fd1-a0bd-76ab5dc44804,5R09T83016YW,0,0,4.323,0.51,1.0,CBBTC_123125_132500
2025-10-14T21:36:38.149388+00:00,CL-75a051b1-ced9-4709-84b2-5e507b4e2e99,5R09T85G16YW,8,8,12.751,0.51,1.0,CBBTC_123125_132500
2025-10-14T21:36:38.165307+00:00,CL-b458170e-fc06-4cc3-baf2-1dcfa56e1cbc,5R09T88016YW,0,0,18.384,0.51,1.0,CBBTC_123125_132500
2025-10-14T21:36:38.165504+00:00,CL-45abf6ff-4135-4b76-8ece-a807f233c6c1,5R09T8AG16YW,8,8,18.393,0.51,1.0,CBBTC_123125_132500
2025-10-14T21:36:38.169313+00:00,CL-2e6e3c6c-8225-485e-a2cc-ebc3ff6fbd79,5R09T8DG16YW,0,0,11.939,0.51,1.0,CBBTC_123125_132500
2025-10-14T21:36:38.169965+00:00,CL-93446623-5d5f-4fb2-9e20-46ec3505cb6d,5R09T8G036YW,8,8,12.398,0.51,1.0,CBBTC_123125_132500
2025-10-14T21:56:44.376328+00:00,CL-dc6d5ef1-c08a-4632-9724-0a3125de23f9,5R09T8QG16YW,0,0,10.101,0.5,1.0,CBBTC_123125_132500
2025-10-14T21:56:44.376551+00:00,CL-e254c2e1-1daa-4013-b3a7-ac6b2185afbc,5R09T8T016YW,8,8,9.980,0.5,1.0,CBBTC_123125_132500
2025-10-14T21:56:44.381397+00:00,CL-de267af5-801e-413b-ab4f-3d37dda975a0,5R09T8WG16YW,0,0,4.534,0.5,1.0,CBBTC_123125_132500
2025-10-14T21:56:44.385638+00:00,CL-2741ce24-d59f-4cd3-88ac-d6aea6dd80e3,5R09T8Z036YW,8,8,8.569,0.5,1.0,CBBTC_123125_132500
2025-10-14T21:56:44.391385+00:00,CL-e6935963-2b15-44b0-bacf-94995bfc66c4,5R09T92016YW,0,0,4.036,0.5,1.0,CBBTC_123125_132500
2025-10-14T21:56:44.395621+00:00,CL-2e5fa7f4-52ec-4ac3-8a06-b6e9f0acbd52,5R09T94G16YW,8,8,8.068,0.5,1.0,CBBTC_123125_132500
2025-10-14T21:56:44.401762+00:00,CL-ad214347-35f4-455e-93e9-b6ed5f477b64,5R09T97036YW,0,0,3.929,0.5,1.0,CBBTC_123125_132500
2025-10-14T21:56:44.405705+00:00,CL-1309377e-777e-461f-812e-1d12cbcdd988,5R09T99G16YW,8,8,7.669,0.5,1.0,CBBTC_123125_132500
2025-10-14T21:56:44.412182+00:00,CL-8ecd8d36-0474-4438-ab52-75ca8a22132d,5R09T9C016YW,0,0,3.869,0.5,1.0,CBBTC_123125_132500
2025-10-14T21:56:44.415984+00:00,CL-62756444-17ed-452e-92ca-0510cd24564b,5R09T9HG16YW,8,8,7.469,0.5,1.0,CBBTC_123125_132500
2025-10-14T21:56:44.423348+00:00,CL-80b4528d-6872-4244-8d98-a86f286fa81b,5R09T9KG16YW,0,0,4.555,0.5,1.0,CBBTC_123125_132500
2025-10-14T21:56:44.427149+00:00,CL-fa281ac4-99ea-4cc8-b03d-6d42d62cc1b5,5R09T9N016YW,8,8,8.129,0.5,1.0,CBBTC_123125_132500
2025-10-14T21:56:44.433858+00:00,CL-724345d7-c1dd-4511-848f-bf54f9ece824,5R09T9TG16YW,0,0,4.559,0.5,1.0,CBBTC_123125_132500
2025-10-14T21:56:44.437582+00:00,CL-c4a2b5ce-b117-4990-95cd-9bbf048329e8,5R09T9TG36YW,8,8,8.046,0.5,1.0,CBBTC_123125_132500
2025-10-14T21:56:44.443793+00:00,CL-aadc4c97-91e3-4b51-bad9-6d3e5fc465bd,5R09T9W016YW,0,0,3.982,0.5,1.0,CBBTC_123125_132500
2025-10-14T21:56:44.447520+00:00,CL-157bd991-6fd0-4ea3-84f4-692bede0bcf4,5R09T9Y016YW,8,8,7.504,0.5,1.0,CBBTC_123125_132500
2025-10-14T21:56:44.454304+00:00,CL-167fa3a5-51a5-4a55-a173-744408ea840c,5R09TA0G16YW,0,0,4.028,0.5,1.0,CBBTC_123125_132500
2025-10-14T21:56:44.457999+00:00,CL-86ebabbd-966c-4a03-a306-24468f12ef12,5R09TA3016YW,8,8,7.520,0.5,1.0,CBBTC_123125_132500
2025-10-14T21:56:44.464882+00:00,CL-6392fc52-00d4-4b26-bd21-ff50c20be39c,5R09TA5G16YW,0,0,4.139,0.5,1.0,CBBTC_123125_132500
2025-10-14T21:56:44.469584+00:00,CL-44c2bd43-a5ac-4fc3-892a-09258d80e475,5R09TA8016YW,8,8,8.637,0.5,1.0,CBBTC_123125_132500
2025-10-14T21:56:44.475371+00:00,CL-cecb65bb-a0e3-4d0d-a960-919b2f56c076,5R09TAB016YW,0,0,4.164,0.5,1.0,CBBTC_123125_132500
2025-10-14T21:56:44.479093+00:00,CL-e738042e-a773-4ab9-81b2-100c2bce04ff,5R09TADG16YW,8,8,7.691,0.5,1.0,CBBTC_123125_132500
2025-10-14T21:56:44.485586+00:00,CL-a0e81070-4b90-4703-8cdd-554d089ce486,5R09TAG016YW,0,0,3.927,0.5,1.0,CBBTC_123125_132500
2025-10-14T21:56:44.489389+00:00,CL-ded75369-911e-4163-b6d6-3415475fe629,5R09TAJG16YW,8,8,7.539,0.5,1.0,CBBTC_123125_132500
2025-10-14T21:56:44.496001+00:00,CL-25dc3594-c846-4b99-bf62-1f70db84b4c6,5R09TAN016YW,0,0,3.898,0.5,1.0,CBBTC_123125_132500
2025-10-14T21:56:44.499755+00:00,CL-819a7194-ecdb-478e-84b3-3dc2df3c2058,5R09TAQG16YW,8,8,7.462,0.5,1.0,CBBTC_123125_132500
2025-10-14T21:56:44.506692+00:00,CL-aa6c38ed-5ab5-4c09-90b0-cfdef52dc7be,5R09TAT016YW,0,0,4.147,0.5,1.0,CBBTC_123125_132500
2025-10-14T21:56:44.510566+00:00,CL-7a0232f6-6e22-4f25-85da-5df07965e9ce,5R09TAWG16YW,8,8,7.832,0.5,1.0,CBBTC_123125_132500
2025-10-14T21:56:44.517410+00:00,CL-2cc7c716-2c7a-464e-a37e-731d0a1c8a93,5R09TAZ016YW,0,0,4.426,0.5,1.0,CBBTC_123125_132500
2025-10-14T21:56:44.521380+00:00,CL-e37c58be-6cf1-486e-86b5-74310def07a7,5R09TB1G16YW,8,8,8.206,0.5,1.0,CBBTC_123125_132500
2025-10-14T21:56:44.529630+00:00,CL-557bcbe2-a854-45c2-8d40-be63ef0805a0,5R09TB4G16YW,0,0,6.191,0.5,1.0,CBBTC_123125_132500
2025-10-14T21:56:44.533451+00:00,CL-04f597bd-c8d7-453d-8c98-6fa77c335229,5R09TB7016YW,8,8,9.816,0.5,1.0,CBBTC_123125_132500
2025-10-14T21:56:44.537828+00:00,CL-377c3389-0de8-4565-98dc-0ff5c0b99fec,5R09TB9G16YW,0,0,3.922,0.5,1.0,CBBTC_123125_132500
2025-10-14T21:56:44.542117+00:00,CL-0b3dd89c-f0f5-4bd0-88d6-58165188a78c,5R09TBC016YW,8,8,8.017,0.5,1.0,CBBTC_123125_132500
2025-10-14T21:56:44.549533+00:00,CL-7e09a769-5892-4f2d-94cd-872cf0b49f60,5R09TBEG16YW,0,0,5.163,0.5,1.0,CBBTC_123125_132500
2025-10-14T21:56:44.553500+00:00,CL-6261f2cb-4114-475e-b3d0-ec1eea5d8e49,5R09TBH016YW,8,8,8.931,0.5,1.0,CBBTC_123125_132500
2025-10-14T21:56:44.559609+00:00,CL-53579d15-0ae5-4d2e-bf76-d2b2975d0b27,5R09TBKG16YW,0,0,4.775,0.5,1.0,CBBTC_123125_132500
2025-10-14T21:56:44.563283+00:00,CL-0bc26444-d7af-41ee-a6be-85b11c04f347,5R09TBPG16YW,8,8,8.255,0.5,1.0,CBBTC_123125_132500
2025-10-14T21:56:44.569520+00:00,CL-5fa61963-28ea-483d-8b91-3696cd97dd17,5R09TBS016YW,0,0,4.218,0.5,1.0,CBBTC_123125_132500
2025-10-14T21:56:44.574364+00:00,CL-1306e5e0-6f5d-4b90-acec-b3166daf381a,5R09TBVG16YW,8,8,8.855,0.5,1.0,CBBTC_123125_132500
2025-10-14T21:56:44.581060+00:00,CL-b16a2d1d-e11d-4031-9f03-736b8ddc2702,5R09TBY016YW,0,0,5.297,0.5,1.0,CBBTC_123125_132500
2025-10-14T21:56:44.586701+00:00,CL-4994176a-3695-447a-8f2c-a15cb7d93842,5R09TC0G16YW,8,8,10.749,0.5,1.0,CBBTC_123125_132500
2025-10-14T21:56:44.591122+00:00,CL-742b0f7b-ca2c-4630-8346-5e5cca697196,5R09TC3036YW,0,0,4.920,0.5,1.0,CBBTC_123125_132500
2025-10-14T21:56:44.597771+00:00,CL-98e91a82-f9b4-4b9d-a610-95b23d5f5ad1,5R09TC5G16YW,8,8,11.281,0.5,1.0,CBBTC_123125_132500
2025-10-14T21:56:44.602017+00:00,CL-9979edf5-6357-49f8-a4cd-8bf88e7592d6,5R09TC8016YW,0,0,5.133,0.5,1.0,CBBTC_123125_132500
2025-10-14T21:56:44.603077+00:00,CL-cb38bba6-98ee-430c-bbfe-e4fc68b1d47e,5R09TCAG16YW,8,8,6.013,0.5,1.0,CBBTC_123125_132500
2025-10-14T21:56:44.611888+00:00,CL-96fa5bc5-dc27-4bcc-91f9-6285dbeea223,5R09TCDG16YW,0,0,4.554,0.5,1.0,CBBTC_123125_132500
2025-10-14T21:56:44.615755+00:00,CL-450c682c-fd6f-45e1-83dd-e25e862574da,5R09TCG016YW,8,8,8.223,0.5,1.0,CBBTC_123125_132500
2025-10-14T21:56:44.621822+00:00,CL-4a926acb-e35d-483f-87f9-c3877ceb3fc9,5R09TCJG16YW,0,0,4.022,0.5,1.0,CBBTC_123125_132500
2025-10-14T21:56:44.625502+00:00,CL-5ac332ad-90f0-42e5-8710-a65a3210dbda,5R09TCQ036YW,8,8,7.508,0.5,1.0,CBBTC_123125_132500
2025-10-14T22:05:09.722463+00:00,CL-187af8c0-938c-41d7-aea6-19161caec185,5R09TCS016YW,0,0,10.149,0.5,1.0,CBBTC_123125_132500
2025-10-14T22:05:09.723326+00:00,CL-c9e9623a-132d-4e06-ad27-cb78c91f798a,5R09TCTG16YW,8,8,10.679,0.5,1.0,CBBTC_123125_132500
2025-10-14T22:05:09.727492+00:00,CL-bcd5decc-e7cc-4024-bb41-1c923a19aa0c,5R09TCWG16YW,0,0,4.574,0.5,1.0,CBBTC_123125_132500
2025-10-14T22:05:09.731436+00:00,CL-84544822-0d94-4937-ad61-6560412f7aee,5R09TCZ016YW,8,8,7.970,0.5,1.0,CBBTC_123125_132500
2025-10-14T22:05:09.738093+00:00,CL-6d60ce30-0a36-4d96-888e-93e4ff53ad99,5R09TD1G16YW,0,0,4.355,0.5,1.0,CBBTC_123125_132500
2025-10-14T22:05:09.742039+00:00,CL-527e4d96-3a99-4229-b9a9-c4de5b6602f5,5R09TD4G16YW,8,8,8.112,0.5,1.0,CBBTC_123125_132500
2025-10-14T22:05:09.748206+00:00,CL-cba6ec69-e6ec-4bc2-b329-d1ec7de0bf07,5R09TD7016YW,0,0,4.029,0.5,1.0,CBBTC_123125_132500
2025-10-14T22:05:09.751994+00:00,CL-f76954a3-1dd4-4d76-a6de-22dd512609d9,5R09TD9G16YW,8,8,7.629,0.5,1.0,CBBTC_123125_132500
2025-10-14T22:05:09.758636+00:00,CL-2bdb6efd-1613-4fad-9655-6b238b117a6a,5R09TDC016YW,0,0,4.025,0.5,1.0,CBBTC_123125_132500
2025-10-14T22:05:09.762343+00:00,CL-06c3ef5d-c762-413b-a71a-898d27330049,5R09TDEG16YW,8,8,7.547,0.5,1.0,CBBTC_123125_132500
2025-10-14T22:05:09.769164+00:00,CL-8f608d46-deb7-48fc-b92c-a02401c89584,5R09TDH016YW,0,0,4.100,0.5,1.0,CBBTC_123125_132500
2025-10-14T22:05:09.773162+00:00,CL-86b98053-7f95-4abe-a1eb-775b6139f3e4,5R09TDKG16YW,8,8,7.902,0.5,1.0,CBBTC_123125_132500
2025-10-14T22:05:09.779501+00:00,CL-dd1a8294-311a-480d-9a96-271b4d7bd707,5R09TDP016YW,0,0,3.988,0.5,1.0,CBBTC_123125_132500
2025-10-14T22:05:09.783232+00:00,CL-97daad0f-c55a-422b-8558-0ec040e656a4,5R09TDS016YW,8,8,7.531,0.5,1.0,CBBTC_123125_132500
2025-10-14T22:05:09.789833+00:00,CL-3df4b9c8-a3c2-4397-bb8c-b1742167ad1b,5R09TDVG16YW,0,0,3.880,0.5,1.0,CBBTC_123125_132500
2025-10-14T22:05:09.794479+00:00,CL-9b2e3b37-4826-464d-b00c-3d7b63f613e5,5R09TDY016YW,8,8,8.337,0.5,1.0,CBBTC_123125_132500
2025-10-14T22:05:09.800380+00:00,CL-31904f23-6a07-4a54-b8c4-5e0b8f8a6330,5R09TE0G16YW,0,0,3.987,0.5,1.0,CBBTC_123125_132500
2025-10-14T22:05:09.804204+00:00,CL-727d1e2b-fe13-4e48-89b5-7732075a876c,5R09TE4016YW,8,8,7.625,0.5,1.0,CBBTC_123125_132500
2025-10-14T22:05:09.810783+00:00,CL-305e9f36-6307-422d-b19d-6a4f5c5cc932,5R09TE7G16YW,0,0,3.953,0.5,1.0,CBBTC_123125_132500
2025-10-14T22:05:09.814508+00:00,CL-2d7a8af6-8b18-49b8-b217-0c5df8e8895b,5R09TE9016YW,8,8,7.494,0.5,1.0,CBBTC_123125_132500
2025-10-14T22:05:09.822000+00:00,CL-2782171f-1ce6-4f83-b77b-68d52ff48c78,5R09TEC016YW,0,0,4.722,0.5,1.0,CBBTC_123125_132500
2025-10-14T22:05:09.825751+00:00,CL-cd08e821-2ba5-4054-9859-a03ec26b842a,5R09TEEG16YW,8,8,8.267,0.5,1.0,CBBTC_123125_132500
2025-10-14T22:05:09.831779+00:00,CL-d7a2f43c-6cf9-4cdf-9647-bdc2f060d1d7,5R09TEG016YW,0,0,4.016,0.5,1.0,CBBTC_123125_132500
2025-10-14T22:05:09.835442+00:00,CL-5add9a96-eb5a-46b4-800d-893d6429b195,5R09TEM016YW,8,8,7.478,0.5,1.0,CBBTC_123125_132500
2025-10-14T22:05:09.842284+00:00,CL-1e592741-24a9-46bd-a8f6-9ca85747a3e9,5R09TENG16YW,0,0,4.075,0.5,1.0,CBBTC_123125_132500
2025-10-14T22:05:09.846098+00:00,CL-c5e7fc16-654e-4c24-a6de-50087f7d715b,5R09TEQG16YW,8,8,7.708,0.5,1.0,CBBTC_123125_132500
2025-10-14T22:05:09.852517+00:00,CL-f85213da-9c38-4ed2-8a3f-47fca2f62661,5R09TET016YW,0,0,3.877,0.5,1.0,CBBTC_123125_132500
2025-10-14T22:05:09.856132+00:00,CL-4ab1cc99-f76c-48e8-ab88-78e4f72661dd,5R09TEWG16YW,8,8,7.288,0.5,1.0,CBBTC_123125_132500
2025-10-14T22:05:09.863271+00:00,CL-0fa756e8-f6e4-4cf8-ba24-640e24a6e0ba,5R09TEZ016YW,0,0,4.143,0.5,1.0,CBBTC_123125_132500
2025-10-14T22:05:09.867211+00:00,CL-a01b7b6b-71df-4439-bc61-772a0a4f2d08,5R09TF1G16YW,8,8,7.884,0.5,1.0,CBBTC_123125_132500
2025-10-14T22:05:09.873793+00:00,CL-63526cce-dc63-4f06-aa86-132db9166c13,5R09TF4G16YW,0,0,4.212,0.5,1.0,CBBTC_123125_132500
2025-10-14T22:05:09.877676+00:00,CL-5f3a0472-5d57-4036-af0f-c0a99be5853f,5R09TF7036YW,8,8,7.906,0.5,1.0,CBBTC_123125_132500
2025-10-14T22:05:09.884611+00:00,CL-95206413-8e77-410f-bd6e-423461bce55d,5R09TF9G16YW,0,0,4.588,0.5,1.0,CBBTC_123125_132500
2025-10-14T22:05:09.889503+00:00,CL-db816009-9109-42db-89fe-102a23dd2d3b,5R09TFC016YW,8,8,9.289,0.5,1.0,CBBTC_123125_132500
2025-10-14T22:05:09.894615+00:00,CL-11800c81-c0f5-42ca-9563-2b2ae2fb2722,5R09TFEG16YW,0,0,4.147,0.5,1.0,CBBTC_123125_132500
2025-10-14T22:05:09.898518+00:00,CL-d2e38e9d-234b-4fc7-bb94-0d6aeff419d3,5R09TFH036YW,8,8,7.868,0.5,1.0,CBBTC_123125_132500
2025-10-14T22:05:09.904717+00:00,CL-d7ecf710-cbc8-4528-ba8d-1fb1c4808d5b,5R09TFKG36YW,0,0,3.824,0.5,1.0,CBBTC_123125_132500
2025-10-14T22:05:09.908475+00:00,CL-5b3450bc-12b4-4e3d-b9bb-71d3c239b62d,5R09TFP016YW,8,8,7.394,0.5,1.0,CBBTC_123125_132500
2025-10-14T22:05:09.915246+00:00,CL-ace62391-2502-44af-8a95-1a8872754827,5R09TFRG16YW,0,0,3.925,0.5,1.0,CBBTC_123125_132500
2025-10-14T22:05:09.921510+00:00,CL-7103a7dd-6400-4893-9788-a2cd4c69fa69,5R09TFVG16YW,8,8,10.001,0.5,1.0,CBBTC_123125_132500
2025-10-14T22:05:09.926121+00:00,CL-acca37c0-f695-4594-98b4-39c92427b6af,5R09TFY016YW,0,0,4.369,0.5,1.0,CBBTC_123125_132500
2025-10-14T22:05:09.933736+00:00,CL-6c23802b-93a5-4afe-baf7-176aab7b7c5b,5R09TG0G16YW,8,8,11.804,0.5,1.0,CBBTC_123125_132500
2025-10-14T22:05:09.937511+00:00,CL-858a3464-773b-4132-9755-301ebd5bbcae,5R09TG3016YW,0,0,5.339,0.5,1.0,CBBTC_123125_132500
2025-10-14T22:05:09.938249+00:00,CL-c4dd07cf-feff-4dcd-b7c3-beb96c3d6c69,5R09TG5G16YW,8,8,5.895,0.5,1.0,CBBTC_123125_132500
2025-10-14T22:05:09.946999+00:00,CL-1431f67e-2fb7-4798-97cb-bcf8e2fa5a36,5R09TG8016YW,0,0,4.402,0.5,1.0,CBBTC_123125_132500
2025-10-14T22:05:09.950633+00:00,CL-b1317f9d-ca96-4908-8a8c-6275ae4f2fff,5R09TGAG16YW,8,8,7.843,0.5,1.0,CBBTC_123125_132500
2025-10-14T22:05:09.957074+00:00,CL-0b8e5942-8bfa-4dc2-9eb7-789343a33f7c,5R09TGD016YW,0,0,4.039,0.5,1.0,CBBTC_123125_132500
2025-10-14T22:05:09.960830+00:00,CL-b9292026-cfc9-4c11-bfb2-d15ecf0b2d51,5R09TGG016YW,8,8,7.612,0.5,1.0,CBBTC_123125_132500
2025-10-14T22:05:09.969534+00:00,CL-3f050464-ec1c-427a-a492-9b3a2c9e0ea6,5R09TGK016YW,0,0,6.074,0.5,1.0,CBBTC_123125_132500
2025-10-14T22:05:09.973339+00:00,CL-baa5a106-f68b-472e-94b9-8d75d75d7c97,5R09TGN016YW,8,8,9.698,0.5,1.0,CBBTC_123125_132500
2025-10-14T22:16:31.260558+00:00,CL-b18511dc-24fb-43d5-894d-4ad2825c3486,5R09TGT016YW,0,0,9.396,0.5,1.0,CBBTC_123125_132500
2025-10-14T22:16:31.265344+00:00,CL-e85a77cf-e8e2-4a0a-a85e-473edad71b74,5R09TGT036YW,8,8,13.839,0.5,1.0,CBBTC_123125_132500
2025-10-14T22:16:31.266017+00:00,CL-434b7c6e-9df5-45da-9087-4177b8872c50,5R09TGZG16YW,0,0,4.241,0.5,1.0,CBBTC_123125_132500
2025-10-14T22:16:31.269950+00:00,CL-f27d26c6-a8d1-4572-98b2-cefc277105b1,5R09TGZG76YW,8,8,7.979,0.5,1.0,CBBTC_123125_132500
2025-10-14T22:16:31.276353+00:00,CL-f9c3bc4d-d339-4597-9f60-c827d19b1d0b,5R09TH1G16YW,0,0,4.135,0.5,1.0,CBBTC_123125_132500
2025-10-14T22:16:31.280129+00:00,CL-c4db1e6a-b0fa-4776-93ca-a1f841a9f43e,5R09TH4016YW,8,8,7.726,0.5,1.0,CBBTC_123125_132500
2025-10-14T22:16:31.286997+00:00,CL-2ecdb565-9f90-4a8f-a8f4-e9aa351cad25,5R09TH7016YW,0,0,4.347,0.5,1.0,CBBTC_123125_132500
2025-10-14T22:16:31.291232+00:00,CL-280a7399-b48d-4d03-a867-0ac5ab059877,5R09TH9G16YW,8,8,8.396,0.5,1.0,CBBTC_123125_132500
2025-10-14T22:16:31.297164+00:00,CL-8e05b19a-99d8-48be-a2a2-5299e2f6a42f,5R09THC016YW,0,0,4.076,0.5,1.0,CBBTC_123125_132500
2025-10-14T22:16:31.300872+00:00,CL-cf361897-f719-45bb-a9b5-066a5854a508,5R09THEG16YW,8,8,7.597,0.5,1.0,CBBTC_123125_132500
2025-10-14T22:16:31.307478+00:00,CL-15b90965-968a-4fdf-8de8-fda203c913fa,5R09THH016YW,0,0,3.954,0.5,1.0,CBBTC_123125_132500
2025-10-14T22:16:31.311077+00:00,CL-47f769fa-2d07-46f6-bdad-7fe8eeea5fa0,5R09THKG16YW,8,8,7.366,0.5,1.0,CBBTC_123125_132500
2025-10-14T22:16:31.318547+00:00,CL-4970ec4e-e829-431b-85aa-c6ca775e74ac,5R09THP036YW,0,0,4.590,0.5,1.0,CBBTC_123125_132500
2025-10-14T22:16:31.322477+00:00,CL-f92cb270-87ea-42f3-85d5-c2fc2acb76a1,5R09THRG16YW,8,8,8.338,0.5,1.0,CBBTC_123125_132500
2025-10-14T22:16:31.328416+00:00,CL-f825e650-85b9-44b9-b8ff-97859fa7ea65,5R09THVG36YW,0,0,4.033,0.5,1.0,CBBTC_123125_132500
2025-10-14T22:16:31.332388+00:00,CL-2b50333f-f68d-4f89-af7a-924829591ab4,5R09THY016YW,8,8,7.818,0.5,1.0,CBBTC_123125_132500
2025-10-14T22:16:31.339909+00:00,CL-c99744f8-9678-47e6-b109-ff249866496e,5R09TJ0G16YW,0,0,5.094,0.5,1.0,CBBTC_123125_132500
2025-10-14T22:16:31.343817+00:00,CL-d93aaf73-299b-4efb-9b39-731e1ca1bf9b,5R09TJ3016YW,8,8,8.816,0.5,1.0,CBBTC_123125_132500
2025-10-14T22:16:31.349518+00:00,CL-df0e5495-9380-4505-96cc-a8609baed914,5R09TJ5G16YW,0,0,4.266,0.5,1.0,CBBTC_123125_132500
2025-10-14T22:16:31.353406+00:00,CL-f19957a3-45ce-4b8b-b8d2-751cf3969508,5R09TJ8016YW,8,8,7.972,0.5,1.0,CBBTC_123125_132500
2025-10-14T22:16:31.359974+00:00,CL-63ed7ec9-f97a-458b-86ef-e70f6840a73e,5R09TJAG16YW,0,0,4.288,0.5,1.0,CBBTC_123125_132500
2025-10-14T22:16:31.363773+00:00,CL-0d4c4a87-87c3-463f-90a8-8574ce009544,5R09TJD016YW,8,8,7.905,0.5,1.0,CBBTC_123125_132500
2025-10-14T22:16:31.370113+00:00,CL-744b54cf-c24a-49e8-bc44-282b741b185d,5R09TJG016YW,0,0,3.999,0.5,1.0,CBBTC_123125_132500
2025-10-14T22:16:31.374038+00:00,CL-6c544939-bea2-4956-997f-9b785f9342d2,5R09TJJG16YW,8,8,7.743,0.5,1.0,CBBTC_123125_132500
2025-10-14T22:16:31.380645+00:00,CL-2e570292-777c-488f-90c1-3be48dfe9f01,5R09TJN016YW,0,0,4.107,0.5,1.0,CBBTC_123125_132500
2025-10-14T22:16:31.384424+00:00,CL-dc4e32fd-7593-499e-b353-cb3031d14323,5R09TJQG16YW,8,8,7.706,0.5,1.0,CBBTC_123125_132500
2025-10-14T22:16:31.391234+00:00,CL-8b00fd3a-5239-48f0-9d70-19ca623d02ab,5R09TJT016YW,0,0,4.275,0.5,1.0,CBBTC_123125_132500
2025-10-14T22:16:31.395664+00:00,CL-b787fe9f-e333-4d95-af68-dc8776663eb5,5R09TJWG16YW,8,8,8.523,0.5,1.0,CBBTC_123125_132500
2025-10-14T22:16:31.401433+00:00,CL-cc24e1da-4928-4748-bbe0-2d521c3eb07a,5R09TJZ016YW,0,0,4.050,0.5,1.0,CBBTC_123125_132500
2025-10-14T22:16:31.405192+00:00,CL-43aef446-6ccb-4a54-aabf-0cc8b60ea41c,5R09TK1G16YW,8,8,7.623,0.5,1.0,CBBTC_123125_132500
2025-10-14T22:16:31.411773+00:00,CL-42e4f45b-3720-472f-bda2-f3317afcef3a,5R09TK4016YW,0,0,3.956,0.5,1.0,CBBTC_123125_132500
2025-10-14T22:16:31.415449+00:00,CL-06ffa580-3014-4eaa-a5d4-feb9949b5257,5R09TK7016YW,8,8,7.451,0.5,1.0,CBBTC_123125_132500
2025-10-14T22:16:31.422568+00:00,CL-fb3458d1-59b6-4f64-b3ab-553b72353e70,5R09TK9G16YW,0,0,4.319,0.5,1.0,CBBTC_123125_132500
2025-10-14T22:16:31.426238+00:00,CL-c8afb06e-78be-4200-b1c8-20a775215b21,5R09TKC016YW,8,8,7.806,0.5,1.0,CBBTC_123125_132500
2025-10-14T22:16:31.433058+00:00,CL-96f3090a-7276-4d4d-b1d1-e47746e2729c,5R09TKEG16YW,0,0,4.383,0.5,1.0,CBBTC_123125_132500
2025-10-14T22:16:31.436841+00:00,CL-2252f236-642f-4571-a9ca-a78f43286da2,5R09TKH016YW,8,8,7.970,0.5,1.0,CBBTC_123125_132500
2025-10-14T22:16:31.443062+00:00,CL-d903aaa4-e11f-42af-b153-dd8d21e38e51,5R09TKKG16YW,0,0,3.939,0.5,1.0,CBBTC_123125_132500
2025-10-14T22:16:31.446707+00:00,CL-66fa0f62-13c0-4cba-b236-018fddee0b11,5R09TKP016YW,8,8,7.396,0.5,1.0,CBBTC_123125_132500
2025-10-14T22:16:31.453563+00:00,CL-cf2aedb2-f969-4281-b302-dcbb00c6edf1,5R09TKRG16YW,0,0,4.003,0.5,1.0,CBBTC_123125_132500
2025-10-14T22:16:31.457822+00:00,CL-f8c37753-bef0-418e-bf10-8a113b22d622,5R09TKVG16YW,8,8,8.080,0.5,1.0,CBBTC_123125_132500
2025-10-14T22:16:31.463939+00:00,CL-e104feb7-974c-4552-8cc8-946f33d92928,5R09TKY016YW,0,0,3.955,0.5,1.0,CBBTC_123125_132500
2025-10-14T22:16:31.468043+00:00,CL-d92556dc-a944-4d08-be29-3646ed4131e8,5R09TM0G16YW,8,8,7.877,0.5,1.0,CBBTC_123125_132500
2025-10-14T22:16:31.474627+00:00,CL-31841224-4016-4492-acf5-c51b4e2630f1,5R09TM3016YW,0,0,4.220,0.5,1.0,CBBTC_123125_132500
2025-10-14T22:16:31.478551+00:00,CL-bd7d95d3-9bbd-439f-a3c1-0fbc0a4a99d6,5R09TM5G16YW,8,8,7.959,0.5,1.0,CBBTC_123125_132500
2025-10-14T22:16:31.484707+00:00,CL-b2d93791-eb16-4e63-9f7e-ba49631f3d1d,5R09TM8016YW,0,0,3.873,0.5,1.0,CBBTC_123125_132500
2025-10-14T22:16:31.488432+00:00,CL-6c57681e-758e-4165-98be-e8fba3e92e93,5R09TMAG16YW,8,8,7.414,0.5,1.0,CBBTC_123125_132500
2025-10-14T22:16:31.495470+00:00,CL-12953723-9ac7-4f75-a361-5b038a6d013b,5R09TMD016YW,0,0,4.203,0.5,1.0,CBBTC_123125_132500
2025-10-14T22:16:31.499247+00:00,CL-7f10d50c-c10f-4039-9324-db4bb1a04c5d,5R09TMFG16YW,8,8,7.793,0.5,1.0,CBBTC_123125_132500
2025-10-14T22:16:31.505525+00:00,CL-ffd6769b-b3c9-4ea5-b3c6-7679ee04dccb,5R09TMJG16YW,0,0,3.826,0.5,1.0,CBBTC_123125_132500
2025-10-14T22:16:31.509264+00:00,CL-16026522-6f03-455c-a880-7c673d16cff1,5R09TMN016YW,8,8,7.382,0.5,1.0,CBBTC_123125_132500
2025-10-14T22:20:15.214280+00:00,CL-f8bdf882-c708-492d-a13d-4df9c1131dbc,5R09TMQG36YW,0,0,9.299,0.5,1.0,CBBTC_123125_132500
2025-10-14T22:20:15.214927+00:00,CL-46bd3f93-7abe-4846-8b0d-3acbc46ced4f,5R09TMT016YW,8,8,9.619,0.5,1.0,CBBTC_123125_132500
2025-10-14T22:20:15.219756+00:00,CL-d6455b3c-367f-4ea1-90a4-2c4014bc284f,5R09TMWG16YW,0,0,4.162,0.5,1.0,CBBTC_123125_132500
2025-10-14T22:20:15.223692+00:00,CL-72c4c97e-c326-435e-809c-6af5c5eaf019,5R09TMZ016YW,8,8,7.898,0.5,1.0,CBBTC_123125_132500
2025-10-14T22:20:15.230542+00:00,CL-cbf799d4-d508-4bd2-9694-06a69c5af00d,5R09TN1G16YW,0,0,4.485,0.5,1.0,CBBTC_123125_132500
2025-10-14T22:20:15.234294+00:00,CL-d030021e-e91b-40a5-952a-3a6d67da6611,5R09TN4016YW,8,8,8.049,0.5,1.0,CBBTC_123125_132500
2025-10-14T22:20:15.241578+00:00,CL-16e69c27-8a99-42d8-9e18-768def69a8a0,5R09TN7016YW,0,0,5.077,0.5,1.0,CBBTC_123125_132500
2025-10-14T22:20:15.245490+00:00,CL-5170f61f-421e-45a9-88b1-cd3abb02ded2,5R09TNA016YW,8,8,8.800,0.5,1.0,CBBTC_123125_132500
2025-10-14T22:20:15.251073+00:00,CL-e89d4d04-d170-4c43-9954-29e11620d346,5R09TND016YW,0,0,4.126,0.5,1.0,CBBTC_123125_132500
2025-10-14T22:20:15.254628+00:00,CL-c93ed16e-d60b-4720-920c-808702bca9ec,5R09TNG016YW,8,8,7.494,0.5,1.0,CBBTC_123125_132500
2025-10-14T22:20:15.261568+00:00,CL-7a5a40f8-3c35-4566-9405-fb64febf64be,5R09TNJ016YW,0,0,4.175,0.5,1.0,CBBTC_123125_132500
2025-10-14T22:20:15.265536+00:00,CL-d9df6060-ec16-4fee-9cd5-b8743b59b709,5R09TNMG16YW,8,8,7.942,0.5,1.0,CBBTC_123125_132500
2025-10-14T22:20:15.272127+00:00,CL-fcaa6f04-1444-4231-9f3f-caca7497630f,5R09TNQ016YW,0,0,4.280,0.5,1.0,CBBTC_123125_132500
2025-10-14T22:20:15.279134+00:00,CL-fd9823e5-9786-4f5b-a66e-a695bf7ef1e6,5R09TNSG16YW,8,8,11.102,0.5,1.0,CBBTC_123125_132500
2025-10-14T22:20:15.283076+00:00,CL-c60dcde8-b239-45a6-9b11-30a022b729f0,5R09TNVG16YW,0,0,4.796,0.5,1.0,CBBTC_123125_132500
2025-10-14T22:20:15.285616+00:00,CL-5ddb4191-b765-4103-892d-9d87068c6bd3,5R09TNY016YW,8,8,7.159,0.5,1.0,CBBTC_123125_132500
2025-10-14T22:20:15.293834+00:00,CL-e68c5529-5257-4b7f-90d4-1c9017fde8ea,5R09TP1016YW,0,0,5.124,0.5,1.0,CBBTC_123125_132500
2025-10-14T22:20:15.298399+00:00,CL-4ad3f062-fe56-4c4c-9f8a-0ec6f11e82b4,5R09TP3016YW,8,8,9.484,0.5,1.0,CBBTC_123125_132500
2025-10-14T22:20:15.304960+00:00,CL-7558c943-18f7-4b6a-84df-66b9aad0334b,5R09TP5G16YW,0,0,5.787,0.5,1.0,CBBTC_123125_132500
2025-10-14T22:20:15.309362+00:00,CL-62725f58-dd88-40ef-950b-e95d5cf88fb5,5R09TP8016YW,8,8,9.998,0.5,1.0,CBBTC_123125_132500
2025-10-14T22:20:15.313638+00:00,CL-f9a36a61-9b7d-4497-9aa7-64b809ee25f6,5R09TPAG16YW,0,0,4.021,0.5,1.0,CBBTC_123125_132500
2025-10-14T22:20:15.318030+00:00,CL-48e50618-4f08-422a-895d-f5f9841eb2cd,5R09TPD016YW,8,8,8.223,0.5,1.0,CBBTC_123125_132500
2025-10-14T22:20:15.324088+00:00,CL-dd8ca625-9438-4e4b-82aa-e66dfdef3d08,5R09TPFG16YW,0,0,4.029,0.5,1.0,CBBTC_123125_132500
2025-10-14T22:20:15.327883+00:00,CL-b604fe10-bef5-43e3-9445-d66c010a9641,5R09TPJG16YW,8,8,7.636,0.5,1.0,CBBTC_123125_132500
2025-10-14T22:20:15.334822+00:00,CL-9a7751d1-912f-4180-8784-ff882f4230d3,5R09TPN016YW,0,0,4.328,0.5,1.0,CBBTC_123125_132500
2025-10-14T22:20:15.339547+00:00,CL-316c27a7-e3ce-4ca7-92db-f4cef33f8c5d,5R09TPQG16YW,8,8,8.864,0.5,1.0,CBBTC_123125_132500
2025-10-14T22:20:15.344985+00:00,CL-8bab65d0-e0c9-444f-9fc6-2442915b6fd4,5R09TPT016YW,0,0,4.054,0.5,1.0,CBBTC_123125_132500
2025-10-14T22:20:15.349627+00:00,CL-489d5bcf-c94e-4007-a8c9-377004676fa1,5R09TPWG16YW,8,8,8.507,0.5,1.0,CBBTC_123125_132500
2025-10-14T22:20:15.359690+00:00,CL-47d08aa6-a521-4c09-924c-42266b340e93,5R09TPZ016YW,0,0,8.321,0.5,1.0,CBBTC_123125_132500
2025-10-14T22:20:15.363833+00:00,CL-495fc3ea-3752-4d01-8630-273dd2729f9f,5R09TQ1G16YW,8,8,12.281,0.5,1.0,CBBTC_123125_132500
2025-10-14T22:20:15.369548+00:00,CL-90b7b3b9-1beb-4966-875d-f2614b1124cb,5R09TQ4016YW,0,0,7.746,0.5,1.0,CBBTC_123125_132500
2025-10-14T22:20:15.370304+00:00,CL-a0fb10ad-6873-4486-9548-948ab141e799,5R09TQ7016YW,8,8,8.329,0.5,1.0,CBBTC_123125_132500
2025-10-14T22:20:15.376329+00:00,CL-180c740b-93e4-4b1a-bb88-84c48fc4e6af,5R09TQ9G16YW,0,0,4.102,0.5,1.0,CBBTC_123125_132500
2025-10-14T22:20:15.380152+00:00,CL-15f405a0-2dab-4f38-8b3e-1b5cdcf9b5f3,5R09TQC016YW,8,8,7.738,0.5,1.0,CBBTC_123125_132500
2025-10-14T22:20:15.386679+00:00,CL-021d98e0-3630-4da0-ab31-6a9189c7ead7,5R09TQEG16YW,0,0,4.014,0.5,1.0,CBBTC_123125_132500
2025-10-14T22:20:15.390720+00:00,CL-52523150-d40e-4dee-80c2-004e213203f8,5R09TQH016YW,8,8,7.870,0.5,1.0,CBBTC_123125_132500
2025-10-14T22:20:15.397497+00:00,CL-274c9870-37f4-456f-bfea-d38ed1a7bb59,5R09TQKG16YW,0,0,4.398,0.5,1.0,CBBTC_123125_132500
2025-10-14T22:20:15.401397+00:00,CL-5b87249b-515d-4e65-864c-292661bac613,5R09TQP016YW,8,8,8.113,0.5,1.0,CBBTC_123125_132500
2025-10-14T22:20:15.407364+00:00,CL-a23e17f3-b97e-49ce-9a53-1ae6e755f897,5R09TQRG16YW,0,0,3.832,0.5,1.0,CBBTC_123125_132500
2025-10-14T22:20:15.411343+00:00,CL-7361ddc9-d5b0-42ff-9b70-5c938c0f754a,5R09TQV016YW,8,8,7.622,0.5,1.0,CBBTC_123125_132500
2025-10-14T22:20:15.419282+00:00,CL-f9bdfd04-13a1-4740-94ac-129935dd3832,5R09TQY016YW,0,0,5.314,0.5,1.0,CBBTC_123125_132500
2025-10-14T22:20:15.423497+00:00,CL-e5d58872-4f5b-4440-bd99-35402f63da99,5R09TR2016YW,8,8,9.349,0.5,1.0,CBBTC_123125_132500
2025-10-14T22:20:15.428530+00:00,CL-7ffe3225-02de-4acf-9211-e2d88171d7ba,5R09TR3G16YW,0,0,4.135,0.5,1.0,CBBTC_123125_132500
2025-10-14T22:20:15.432541+00:00,CL-7538e55a-058b-43f4-8352-a45835f6470d,5R09TR5G36YW,8,8,7.964,0.5,1.0,CBBTC_123125_132500
2025-10-14T22:20:15.439262+00:00,CL-6f7964e9-7214-47ab-b095-3689509c8f9d,5R09TR8016YW,0,0,4.435,0.5,1.0,CBBTC_123125_132500
2025-10-14T22:20:15.443200+00:00,CL-7f380103-a5e9-4e51-bda4-d2aedead4c56,5R09TRAG16YW,8,8,8.188,0.5,1.0,CBBTC_123125_132500
2025-10-14T22:20:15.449796+00:00,CL-848fc9f7-2e7a-4958-92be-502f5cd25887,5R09TRD016YW,0,0,4.536,0.5,1.0,CBBTC_123125_132500
2025-10-14T22:20:15.453732+00:00,CL-df3ba7cf-2daf-4f73-85ee-2af9d889c23c,5R09TRFG16YW,8,8,8.289,0.5,1.0,CBBTC_123125_132500
2025-10-14T22:20:15.459869+00:00,CL-ee863d13-0633-416b-9844-b090b68040e5,5R09TRJG16YW,0,0,4.170,0.5,1.0,CBBTC_123125_132500
2025-10-14T22:20:15.463663+00:00,CL-74206f10-4cea-4b47-bcc8-78813b8d6959,5R09TRN016YW,8,8,7.784,0.5,1.0,CBBTC_123125_132500
2025-10-15T00:02:09.240414+00:00,CL-9fb16bb6-872d-46d7-90af-f44e19cc7dc2,5R09TRQG16YW,0,0,8.985,0.5,1.0,CBBTC_123125_132500
2025-10-15T00:02:09.241191+00:00,CL-bfeca4f7-8fb7-4561-a5f9-3797622bbd6a,5R09TRT016YW,0,0,9.430,0.5,1.0,CBBTC_123125_132500
2025-10-15T00:02:09.245913+00:00,CL-068b734a-9ec4-46fe-a475-0c07e2cafb28,5R09TRWG16YW,0,0,3.866,0.5,1.0,CBBTC_123125_132500
2025-10-15T00:02:09.253497+00:00,CL-27db3488-c1a6-4e6a-8f38-f3d1305c38a4,5R09TRZ016YW,0,0,11.246,0.5,1.0,CBBTC_123125_132500
2025-10-15T00:02:09.256977+00:00,CL-b83f244c-bbb7-4ecd-9986-20fc9310f268,5R09TS1G16YW,0,0,4.463,0.5,1.0,CBBTC_123125_132500
2025-10-15T00:02:09.257981+00:00,CL-872bfc5d-b747-4bc4-93f6-df6cb281fe37,5R09TS4016YW,0,0,5.275,0.5,1.0,CBBTC_123125_132500
2025-10-15T00:02:09.267049+00:00,CL-f00d0f0a-bac3-44fb-a6d9-3393b8ea2aa8,5R09TS6G16YW,0,0,4.089,0.5,1.0,CBBTC_123125_132500
2025-10-15T00:02:09.270631+00:00,CL-61f00522-5cf9-42e2-88ae-73c9fecc8ebd,5R09TS9G16YW,0,0,7.469,0.5,1.0,CBBTC_123125_132500
2025-10-15T00:02:09.277631+00:00,CL-d0ee9a20-2489-44ea-8f79-31f291aec1e7,5R09TSC016YW,0,0,4.209,0.5,1.0,CBBTC_123125_132500
2025-10-15T00:02:09.281517+00:00,CL-6f4dc611-7564-47ac-8d38-c5ca6494dab1,5R09TSEG16YW,0,0,7.892,0.5,1.0,CBBTC_123125_132500
2025-10-15T00:02:09.287636+00:00,CL-d06bbca7-e41c-4530-8b39-f50a31b8e7f5,5R09TSH016YW,0,0,3.742,0.5,1.0,CBBTC_123125_132500
2025-10-15T00:02:09.291228+00:00,CL-7d4b8fb0-2c8f-4e5c-bbec-601498646c0d,5R09TSKG36YW,0,0,7.135,0.5,1.0,CBBTC_123125_132500
2025-10-15T00:02:09.298605+00:00,CL-696b9ad2-6d7a-421e-bb4f-8cfea73da9a1,5R09TSP016YW,0,0,4.254,0.5,1.0,CBBTC_123125_132500
2025-10-15T00:02:09.302079+00:00,CL-cd5968c0-4b53-4f47-8b2c-c8e57ba37a14,5R09TSS016YW,0,0,7.542,0.5,1.0,CBBTC_123125_132500
2025-10-15T00:02:09.308723+00:00,CL-4c479bb4-7892-437e-a294-1b117ee59411,5R09TSV016YW,0,0,3.916,0.5,1.0,CBBTC_123125_132500
2025-10-15T00:02:09.312274+00:00,CL-8d3f3942-2193-49d4-a8ab-73af89ebc8ba,5R09TSY016YW,0,0,7.271,0.5,1.0,CBBTC_123125_132500
2025-10-15T00:02:09.319206+00:00,CL-fdc605ad-0027-45d2-8b08-75b60b18348a,5R09TT0G16YW,0,0,3.942,0.5,1.0,CBBTC_123125_132500
2025-10-15T00:02:09.323147+00:00,CL-d1599913-1c13-4ed6-9a81-99598b22857f,5R09TT3016YW,0,0,7.689,0.5,1.0,CBBTC_123125_132500
2025-10-15T00:02:09.329927+00:00,CL-25f52b70-ce83-44d0-92fb-e9d64dc432d4,5R09TT5G16YW,0,0,4.210,0.5,1.0,CBBTC_123125_132500
2025-10-15T00:02:09.333571+00:00,CL-19ea9255-5c30-4ca6-abce-6507380cb90f,5R09TT8016YW,0,0,7.661,0.5,1.0,CBBTC_123125_132500
2025-10-15T00:02:09.339937+00:00,CL-03a89acd-8c95-4a51-9269-a73dd061c9a4,5R09TTAG16YW,0,0,3.773,0.5,1.0,CBBTC_123125_132500
2025-10-15T00:02:09.343523+00:00,CL-2349c7e4-475b-4bf1-aa3d-90e15e9d4d6b,5R09TTD016YW,0,0,7.168,0.5,1.0,CBBTC_123125_132500
2025-10-15T00:02:09.350614+00:00,CL-44e68c8f-9e84-4ebf-a73a-fe3f17cd2d1c,5R09TTFG16YW,0,0,3.992,0.5,1.0,CBBTC_123125_132500
2025-10-15T00:02:09.354494+00:00,CL-76024877-91c9-4b8e-a402-9738f712fb2a,5R09TTJ036YW,0,0,7.677,0.5,1.0,CBBTC_123125_132500
2025-10-15T00:02:09.360846+00:00,CL-ddc8d5fd-fb1e-4aaf-b475-71da2f7b1eb1,5R09TTN016YW,0,0,3.774,0.5,1.0,CBBTC_123125_132500
2025-10-15T00:02:09.364361+00:00,CL-badae886-398c-4616-8db9-c16f04b68a87,5R09TTQG16YW,0,0,7.100,0.5,1.0,CBBTC_123125_132500
2025-10-15T00:02:09.371283+00:00,CL-6ac5e14a-9978-4966-9ab8-280fe10deb3c,5R09TTT016YW,0,0,3.767,0.5,1.0,CBBTC_123125_132500
2025-10-15T00:02:09.374941+00:00,CL-a8c901bf-7de0-489f-9ae0-0630cbfdc45a,5R09TTWG16YW,0,0,7.240,0.5,1.0,CBBTC_123125_132500
2025-10-15T00:02:09.382248+00:00,CL-a572e5dd-94e7-439a-8c9a-648d153827ad,5R09TTZ016YW,0,0,4.294,0.5,1.0,CBBTC_123125_132500
2025-10-15T00:02:09.385940+00:00,CL-015884d6-ab49-4371-877b-89585fbcfa35,5R09TV1G16YW,0,0,7.798,0.5,1.0,CBBTC_123125_132500
2025-10-15T00:02:09.392204+00:00,CL-bc796b04-6bef-4b97-83fe-100c10cc5769,5R09TV4016YW,0,0,3.810,0.5,1.0,CBBTC_123125_132500
2025-10-15T00:02:09.395904+00:00,CL-0e6ee9cb-de04-4dd6-911a-bbd662c7d760,5R09TV6G16YW,0,0,7.325,0.5,1.0,CBBTC_123125_132500
2025-10-15T00:02:09.402745+00:00,CL-d5be6360-89ed-4b62-82aa-6b8d42acb06f,5R09TV9G16YW,0,0,3.894,0.5,1.0,CBBTC_123125_132500
2025-10-15T00:02:09.406367+00:00,CL-b99d5895-1a13-4219-bac6-86e52a9f54d9,5R09TVC016YW,0,0,7.311,0.5,1.0,CBBTC_123125_132500
2025-10-15T00:02:09.413137+00:00,CL-b144a80a-2ed8-4d03-8d33-fe45a26590dd,5R09TVEG16YW,0,0,3.826,0.5,1.0,CBBTC_123125_132500
2025-10-15T00:02:09.416850+00:00,CL-a042d0fc-c85e-4bdb-a1d0-2cd26a5aa6d3,5R09TVH016YW,0,0,7.338,0.5,1.0,CBBTC_123125_132500
2025-10-15T00:02:09.423944+00:00,CL-4c1db54f-d618-4c82-96c4-850587de566a,5R09TVKG36YW,0,0,4.175,0.5,1.0,CBBTC_123125_132500
2025-10-15T00:02:09.427539+00:00,CL-8ea9165f-bc58-4b1d-84e7-a33051ba66b1,5R09TW4016YW,0,0,7.576,0.5,1.0,CBBTC_123125_132500
2025-10-15T00:02:09.434095+00:00,CL-16cd632b-3683-4331-bb98-112133a1651d,5R09TW4036YW,0,0,3.882,0.5,1.0,CBBTC_123125_132500
2025-10-15T00:02:09.437911+00:00,CL-ea95e127-0886-41b6-96b2-783b20e7209b,5R09TW4096YW,0,0,7.505,0.5,1.0,CBBTC_123125_132500
2025-10-15T00:02:09.444662+00:00,CL-0cd75eef-b2bd-4afb-a496-500cd3840b54,5R09TW40B6YW,0,0,4.002,0.5,1.0,CBBTC_123125_132500
2025-10-15T00:02:09.448590+00:00,CL-9a51f491-5643-425e-ad7c-a3bdf87934ad,5R09TW40D6YW,0,0,7.737,0.5,1.0,CBBTC_123125_132500
2025-10-15T00:02:09.454959+00:00,CL-04c8b6cc-4c2b-438b-8717-d08724737c1c,5R09TW40N6YW,0,0,3.856,0.5,1.0,CBBTC_123125_132500
2025-10-15T00:02:09.459296+00:00,CL-7e59efd2-86fe-4413-818c-a8f21897f8af,5R09TW5G16YW,0,0,7.999,0.5,1.0,CBBTC_123125_132500
2025-10-15T00:02:09.465900+00:00,CL-25c9e2df-c386-457d-8bea-8c9e74cd4d07,5R09TW8016YW,0,0,4.326,0.5,1.0,CBBTC_123125_132500
2025-10-15T00:02:09.469728+00:00,CL-7005308f-1f29-4cb0-a7fa-cbe56305f9b0,5R09TWAG16YW,0,0,7.955,0.5,1.0,CBBTC_123125_132500
2025-10-15T00:02:09.476214+00:00,CL-b9275f22-5490-450a-bc6b-7a03831abf31,5R09TWD016YW,0,0,4.173,0.5,1.0,CBBTC_123125_132500
2025-10-15T00:02:09.480133+00:00,CL-ec595cd0-e03f-4d18-a88a-0362efa90ba4,5R09TWFG16YW,0,0,7.895,0.5,1.0,CBBTC_123125_132500
2025-10-15T00:02:09.486397+00:00,CL-cf384b67-2f8d-421d-bd87-5fbd32bc855c,5R09TWJ016YW,0,0,3.869,0.5,1.0,CBBTC_123125_132500
2025-10-15T00:02:09.490126+00:00,CL-779f118e-de5b-4fbb-857c-48ce5c5e2733,5R09TWN016YW,0,0,7.392,0.5,1.0,CBBTC_123125_132500
2025-10-15T00:08:53.176446+00:00,CL-c10e4f29-d7a5-457f-9ef5-25dba7d0c76d,5R09TWQG16YW,0,0,11.015,0.5,1.0,CBBTC_123125_132500
2025-10-15T00:08:53.177037+00:00,CL-3bd94068-704a-4a8a-bc13-3a0402e7083d,5R09TWT016YW,0,0,11.261,0.5,1.0,CBBTC_123125_132500
2025-10-15T00:08:53.185257+00:00,CL-d7bcaf87-0b74-483f-abb1-3053176759ad,5R09TWWG16YW,0,0,8.842,0.5,1.0,CBBTC_123125_132500
2025-10-15T00:08:53.190018+00:00,CL-30049626-803a-45e6-ba70-84538b30d395,5R09TWZ016YW,0,0,13.013,0.5,1.0,CBBTC_123125_132500
2025-10-15T00:08:53.194709+00:00,CL-648fdb58-86c8-4e1c-b757-2c1a4b8103b3,5R09TX2016YW,0,0,7.307,0.5,1.0,CBBTC_123125_132500
2025-10-15T00:08:53.195411+00:00,CL-fc43fb9b-a2c1-4ee9-a27f-ec794674f05e,5R09TX5016YW,0,0,7.806,0.5,1.0,CBBTC_123125_132500
2025-10-15T00:08:53.202686+00:00,CL-2cadbece-bd54-4bad-a6f7-b704ad8ab399,5R09TX7G16YW,0,0,4.813,0.5,1.0,CBBTC_123125_132500
2025-10-15T00:08:53.206456+00:00,CL-76220d16-27ea-44e8-905f-8cf8c8ac3a09,5R09TXA016YW,0,0,8.385,0.5,1.0,CBBTC_123125_132500
2025-10-15T00:08:53.213304+00:00,CL-f8ad8a18-2355-4103-96be-dd168409eb94,5R09TXC016YW,0,0,4.971,0.5,1.0,CBBTC_123125_132500
2025-10-15T00:08:53.221427+00:00,CL-c866a570-6b47-4779-95ae-c6424fcd14fc,5R09TXEG16YW,0,0,12.895,0.5,1.0,CBBTC_123125_132500
2025-10-15T00:08:53.225225+00:00,CL-0459ba0a-9134-4252-958d-a8189b046887,5R09TXH016YW,0,0,6.427,0.5,1.0,CBBTC_123125_132500
2025-10-15T00:08:53.226671+00:00,CL-ef4a082b-7f31-44d7-9e00-df21d6d72110,5R09TXKG16YW,0,0,7.654,0.5,1.0,CBBTC_123125_132500
2025-10-15T00:08:53.234293+00:00,CL-27f93912-53e9-45c7-bd8e-998b101322dd,5R09TXP016YW,0,0,5.004,0.5,1.0,CBBTC_123125_132500
2025-10-15T00:08:53.240616+00:00,CL-5c3a8def-7d12-4924-96ba-e62aabf2765a,5R09TXRG16YW,0,0,11.112,0.5,1.0,CBBTC_123125_132500
2025-10-15T00:08:53.258242+00:00,CL-664718e2-ecd4-4eb0-8db5-58f64783543e,5R09TXV016YW,0,0,18.481,0.5,1.0,CBBTC_123125_132500
2025-10-15T00:08:53.258457+00:00,CL-9f2cde46-62c8-448a-848f-914ba85b712b,5R09TXXG36YW,0,0,18.509,0.5,1.0,CBBTC_123125_132500
2025-10-15T00:08:53.265446+00:00,CL-66aadd6f-8c37-4da4-ad08-4c078cc071a7,5R09TY0G36YW,0,0,15.255,0.5,1.0,CBBTC_123125_132500
2025-10-15T00:08:53.266000+00:00,CL-febd1dd9-a37d-4f80-98be-435163a5a228,5R09TY3036YW,0,0,15.627,0.5,1.0,CBBTC_123125_132500
2025-10-15T00:08:53.272121+00:00,CL-73c69b14-3126-484b-b98c-1ec37f74f49b,5R09TY5G36YW,0,0,11.504,0.5,1.0,CBBTC_123125_132500
2025-10-15T00:08:53.272330+00:00,CL-0d0f64da-b23d-404f-8ec6-cfc254f563bf,5R09TY8016YW,0,0,11.535,0.5,1.0,CBBTC_123125_132500
2025-10-15T00:08:53.283686+00:00,CL-ad0a57d1-af9c-4936-98b0-24fd5fb85325,5R09TYAG16YW,0,0,12.637,0.5,1.0,CBBTC_123125_132500
2025-10-15T00:08:53.283904+00:00,CL-c37bda81-ea07-4ef4-8861-0f1ad35fc259,5R09TYD016YW,0,0,12.652,0.5,1.0,CBBTC_123125_132500
2025-10-15T00:08:53.288251+00:00,CL-c9c79e64-f4bd-4400-a5c7-46cfc8508e4e,5R09TYFG16YW,0,0,6.720,0.5,1.0,CBBTC_123125_132500
2025-10-15T00:08:53.288467+00:00,CL-b92da5ba-1fa6-496b-a547-7387fe975373,5R09TYJ016YW,0,0,6.745,0.5,1.0,CBBTC_123125_132500
2025-10-15T00:08:53.296152+00:00,CL-97077cf2-629e-44de-88ca-bbf817f4fc4a,5R09TYMG16YW,0,0,4.174,0.5,1.0,CBBTC_123125_132500
2025-10-15T00:08:53.306883+00:00,CL-240aeec4-2889-4920-bb3a-091431072c67,5R09TYQG16YW,0,0,14.707,0.5,1.0,CBBTC_123125_132500
2025-10-15T00:08:53.310606+00:00,CL-952fc4e3-88db-41ab-8064-93e857900c27,5R09TYT016YW,0,0,8.158,0.5,1.0,CBBTC_123125_132500
2025-10-15T00:08:53.311444+00:00,CL-68e4f75f-179c-4706-b31b-ae68d665d421,5R09TYWG16YW,0,0,8.804,0.5,1.0,CBBTC_123125_132500
2025-10-15T00:08:53.321475+00:00,CL-74a75a71-b348-4021-b056-f24f0a0283b8,5R09TYZ016YW,0,0,8.575,0.5,1.0,CBBTC_123125_132500
2025-10-15T00:08:53.325159+00:00,CL-28975031-ab3e-4a53-b113-fbf99a60ac8c,5R09TZ1G16YW,0,0,12.066,0.5,1.0,CBBTC_123125_132500
2025-10-15T00:08:53.328907+00:00,CL-bcb0ce58-bf77-4941-a194-a9d61f2f6424,5R09TZ4016YW,0,0,5.553,0.5,1.0,CBBTC_123125_132500
2025-10-15T00:08:53.329965+00:00,CL-1c1fc3f0-e045-45c6-a8c6-741526f2cecd,5R09TZ6G16YW,0,0,6.428,0.5,1.0,CBBTC_123125_132500
2025-10-15T00:08:53.340530+00:00,CL-4ab2f422-ed57-47ba-9ee2-2c8c8cf48e2a,5R09TZ9016YW,0,0,6.746,0.5,1.0,CBBTC_123125_132500
2025-10-15T00:08:53.345040+00:00,CL-baed9d12-7671-4e17-8913-8c10e72f7ecf,5R09TZC016YW,0,0,11.073,0.5,1.0,CBBTC_123125_132500
2025-10-15T00:08:53.348647+00:00,CL-5489d774-1858-4731-b6c2-e55be955c248,5R09TZEG16YW,0,0,4.413,0.5,1.0,CBBTC_123125_132500
2025-10-15T00:08:53.349634+00:00,CL-091b001a-3beb-4554-8f56-b5ef502864e9,5R09TZH016YW,0,0,5.213,0.5,1.0,CBBTC_123125_132500
2025-10-15T00:08:53.360212+00:00,CL-18bf00e6-da01-4bed-8dc6-17f1b13390c0,5R09TZKG16YW,0,0,5.546,0.5,1.0,CBBTC_123125_132500
2025-10-15T00:08:53.363870+00:00,CL-87018914-978d-4291-8b05-a81e3bfdff77,5R09TZP016YW,0,0,9.019,0.5,1.0,CBBTC_123125_132500
2025-10-15T00:08:53.369102+00:00,CL-7faf5af2-92a2-4eb1-b733-15f26d7c1ded,5R09TZRG16YW,0,0,4.006,0.5,1.0,CBBTC_123125_132500
2025-10-15T00:08:53.379267+00:00,CL-1be85c31-747b-472a-b2d0-d2e676980eb6,5R09TZV016YW,0,0,13.984,0.5,1.0,CBBTC_123125_132500
2025-10-15T00:08:53.383337+00:00,CL-c7f68a31-25c8-4e19-83cc-eb941e4736c6,5R09TZXG16YW,0,0,7.813,0.5,1.0,CBBTC_123125_132500
2025-10-15T00:08:53.383860+00:00,CL-6db50707-4e56-4bb7-ae88-0f73d584b052,5R09V00G16YW,0,0,8.163,0.5,1.0,CBBTC_123125_132500
2025-10-15T00:08:53.389971+00:00,CL-89f1e3ae-e010-48a4-b891-4762ee1b0029,5R09V03016YW,0,0,4.011,0.5,1.0,CBBTC_123125_132500
2025-10-15T00:08:53.401759+00:00,CL-51b90bea-3608-40de-9a0e-922f1fa080a4,5R09V05G16YW,0,0,15.603,0.5,1.0,CBBTC_123125_132500
2025-10-15T00:08:53.409356+00:00,CL-cccea58d-b327-4ed8-b943-f7cf9bfb48f6,5R09V08016YW,0,0,12.943,0.5,1.0,CBBTC_123125_132500
2025-10-15T00:08:53.409579+00:00,CL-9e93baf0-d79f-4def-9d01-a1aeef5442bd,5R09V0AG16YW,0,0,12.971,0.5,1.0,CBBTC_123125_132500
2025-10-15T00:08:53.413194+00:00,CL-c961e7bb-eea3-44b9-b0bb-02ef0871279b,5R09V0D016YW,0,0,6.324,0.5,1.0,CBBTC_123125_132500
2025-10-15T00:08:53.413980+00:00,CL-35cc93fe-24f2-4186-a6d9-e7f954818716,5R09V0FG16YW,0,0,6.923,0.5,1.0,CBBTC_123125_132500
2025-10-15T00:08:53.427497+00:00,CL-3ed854ed-cf2d-471f-8670-fc22a5e13ef5,5R09V0J016YW,0,0,10.181,0.5,1.0,CBBTC_123125_132500
2025-10-15T00:08:53.433411+00:00,CL-710cacf0-c952-441b-a6a3-5ceca8b25bd3,5R09V0N016YW,0,0,15.896,0.5,1.0,CBBTC_123125_132500
